name,category,series,model,image_url,pdf_url,description,technical_specifications,dimension_specifications,features,applications,id,created_date,updated_date,created_by_id,created_by,is_sample
UCW Series Brushless Synchronous Alternator,alternators,UCW,,https://raw.githubusercontent.com/wibawv/indahmachine/master/images/base44_product_image/ucw_alternator.png,https://raw.githubusercontent.com/wibawv/indahmachine/master/Doc/ucw_alternator.pdf,"Brushless synchronous alternators covering 37.5–1250 kVA at 1500 rpm and 200–875 kVA at 1000 rpm. High efficiency, low waveform distortion, and rugged construction for prime or standby generator sets.","{""Voltage"":""400 V"",""kVA"":""37.5–1250 (1500 rpm); 200–875 (1000 rpm)"",""kW"":""30–1000 (1500 rpm); 160–700 (1000 rpm)"",""RPM"":""1500 / 1000"",""Efficiency Range (%)"":""88.5–95.0""}","{""Frames"":""225, 250M, 250L, 315M, 315L, 355S, 355M, 355L, 400M, 400L"",""Mounting"":""See UCW Table 2 for IM mounting and dimensions.""}","[""Brushless design"",""High efficiency"",""Stable voltage and frequency performance"",""Industrial-grade construction""]","[""Prime and standby generator sets"",""Industrial backup power"",""OEM genset assemblies""]",ucw_parent,2025-08-12T03:34:24.898175,2025-08-12T03:34:24.898175,688c2a9073a7c76a0fa26e25,vincent.oei@gmail.com,
UCW-37_5-1500 Brushless Synchronous Alternator,alternators,UCW,UCW-37_5-1500,https://raw.githubusercontent.com/wibawv/indahmachine/master/images/base44_product_image/ucw_alternator.png,https://raw.githubusercontent.com/wibawv/indahmachine/master/Doc/ucw_alternator.pdf,UCW alternator configured for the specified kVA and speed.,"{""Voltage"":""400 V"",""kVA"":""37.5"",""kW"":""30"",""RPM"":""1500"",""Efficiency (%)"":""88.5"",""Frame"":""225"",""Weight (kg)"":""300""}","{""Frame"": ""225"", ""Note"": ""Refer to UCW Table 2 for mounting dimensions""}","[""Brushless design"",""High efficiency"",""Stable voltage and frequency performance""]","[""Prime and standby generator sets"",""Industrial backup power"",""OEM genset assemblies""]",ucw_UCW_37_5_1500,2025-08-12T03:34:24.898175,2025-08-12T03:34:24.898175,688c2a9073a7c76a0fa26e25,vincent.oei@gmail.com,
UCW-50-1500 Brushless Synchronous Alternator,alternators,UCW,UCW-50-1500,https://raw.githubusercontent.com/wibawv/indahmachine/master/images/base44_product_image/ucw_alternator.png,https://raw.githubusercontent.com/wibawv/indahmachine/master/Doc/ucw_alternator.pdf,UCW alternator configured for the specified kVA and speed.,"{""Voltage"":""400 V"",""kVA"":""50"",""kW"":""40"",""RPM"":""1500"",""Efficiency (%)"":""89.4"",""Frame"":""225"",""Weight (kg)"":""360""}","{""Frame"": ""225"", ""Note"": ""Refer to UCW Table 2 for mounting dimensions""}","[""Brushless design"",""High efficiency"",""Stable voltage and frequency performance""]","[""Prime and standby generator sets"",""Industrial backup power"",""OEM genset assemblies""]",ucw_UCW_50_1500,2025-08-12T03:34:24.898175,2025-08-12T03:34:24.898175,688c2a9073a7c76a0fa26e25,vincent.oei@gmail.com,
UCW-62_5-1500 Brushless Synchronous Alternator,alternators,UCW,UCW-62_5-1500,https://raw.githubusercontent.com/wibawv/indahmachine/master/images/base44_product_image/ucw_alternator.png,https://raw.githubusercontent.com/wibawv/indahmachine/master/Doc/ucw_alternator.pdf,UCW alternator configured for the specified kVA and speed.,"{""Voltage"":""400 V"",""kVA"":""62.5"",""kW"":""50"",""RPM"":""1500"",""Efficiency (%)"":""90.0"",""Frame"":""225"",""Weight (kg)"":""380""}","{""Frame"": ""225"", ""Note"": ""Refer to UCW Table 2 for mounting dimensions""}","[""Brushless design"",""High efficiency"",""Stable voltage and frequency performance""]","[""Prime and standby generator sets"",""Industrial backup power"",""OEM genset assemblies""]",ucw_UCW_62_5_1500,2025-08-12T03:34:24.898175,2025-08-12T03:34:24.898175,688c2a9073a7c76a0fa26e25,vincent.oei@gmail.com,
UCW-80-1500 Brushless Synchronous Alternator,alternators,UCW,UCW-80-1500,https://raw.githubusercontent.com/wibawv/indahmachine/master/images/base44_product_image/ucw_alternator.png,https://raw.githubusercontent.com/wibawv/indahmachine/master/Doc/ucw_alternator.pdf,UCW alternator configured for the specified kVA and speed.,"{""Voltage"":""400 V"",""kVA"":""80"",""kW"":""64"",""RPM"":""1500"",""Efficiency (%)"":""90.2"",""Frame"":""250M"",""Weight (kg)"":""440""}","{""Frame"": ""250M"", ""Note"": ""Refer to UCW Table 2 for mounting dimensions"", ""A"": 406, ""AB"": 486, ""B"": 349, ""BB"": 476, ""C"": 224, ""C1"": 240, ""D"": 70, ""E"": 140, ""E1"": 39.7, ""F"": 20, ""G"": 62.5, ""HA"": 250, ""HD"": 28, ""N-φK"": ""4-φ24"", ""L"": 960, ""L1"": 910, ""P"": 511.8, ""Q"": 530.2, ""Q1"": 333.3, ""K"": 6, ""R"": 566, ""U"": 320, ""a1"": 520, ""b1"": 352.4}","[""Brushless design"",""High efficiency"",""Stable voltage and frequency performance""]","[""Prime and standby generator sets"",""Industrial backup power"",""OEM genset assemblies""]",ucw_UCW_80_1500,2025-08-12T03:34:24.898175,2025-08-12T03:34:24.898175,688c2a9073a7c76a0fa26e25,vincent.oei@gmail.com,
UCW-93_75-1500 Brushless Synchronous Alternator,alternators,UCW,UCW-93_75-1500,https://raw.githubusercontent.com/wibawv/indahmachine/master/images/base44_product_image/ucw_alternator.png,https://raw.githubusercontent.com/wibawv/indahmachine/master/Doc/ucw_alternator.pdf,UCW alternator configured for the specified kVA and speed.,"{""Voltage"":""400 V"",""kVA"":""93.75"",""kW"":""75"",""RPM"":""1500"",""Efficiency (%)"":""90.6"",""Frame"":""250M"",""Weight (kg)"":""540""}","{""Frame"": ""250M"", ""Note"": ""Refer to UCW Table 2 for mounting dimensions"", ""A"": 406, ""AB"": 486, ""B"": 349, ""BB"": 476, ""C"": 224, ""C1"": 240, ""D"": 70, ""E"": 140, ""E1"": 39.7, ""F"": 20, ""G"": 62.5, ""HA"": 250, ""HD"": 28, ""N-φK"": ""4-φ24"", ""L"": 960, ""L1"": 910, ""P"": 511.8, ""Q"": 530.2, ""Q1"": 333.3, ""K"": 6, ""R"": 566, ""U"": 320, ""a1"": 520, ""b1"": 352.4}","[""Brushless design"",""High efficiency"",""Stable voltage and frequency performance""]","[""Prime and standby generator sets"",""Industrial backup power"",""OEM genset assemblies""]",ucw_UCW_93_75_1500,2025-08-12T03:34:24.898175,2025-08-12T03:34:24.898175,688c2a9073a7c76a0fa26e25,vincent.oei@gmail.com,
UCW-112_5-1500 Brushless Synchronous Alternator,alternators,UCW,UCW-112_5-1500,https://raw.githubusercontent.com/wibawv/indahmachine/master/images/base44_product_image/ucw_alternator.png,https://raw.githubusercontent.com/wibawv/indahmachine/master/Doc/ucw_alternator.pdf,UCW alternator configured for the specified kVA and speed.,"{""Voltage"":""400 V"",""kVA"":""112.5"",""kW"":""90"",""RPM"":""1500"",""Efficiency (%)"":""91.0"",""Frame"":""250M"",""Weight (kg)"":""570""}","{""Frame"": ""250M"", ""Note"": ""Refer to UCW Table 2 for mounting dimensions"", ""A"": 406, ""AB"": 486, ""B"": 349, ""BB"": 476, ""C"": 224, ""C1"": 240, ""D"": 70, ""E"": 140, ""E1"": 39.7, ""F"": 20, ""G"": 62.5, ""HA"": 250, ""HD"": 28, ""N-φK"": ""4-φ24"", ""L"": 960, ""L1"": 910, ""P"": 511.8, ""Q"": 530.2, ""Q1"": 333.3, ""K"": 6, ""R"": 566, ""U"": 320, ""a1"": 520, ""b1"": 352.4}","[""Brushless design"",""High efficiency"",""Stable voltage and frequency performance""]","[""Prime and standby generator sets"",""Industrial backup power"",""OEM genset assemblies""]",ucw_UCW_112_5_1500,2025-08-12T03:34:24.898175,2025-08-12T03:34:24.898175,688c2a9073a7c76a0fa26e25,vincent.oei@gmail.com,
UCW-125-1500 Brushless Synchronous Alternator,alternators,UCW,UCW-125-1500,https://raw.githubusercontent.com/wibawv/indahmachine/master/images/base44_product_image/ucw_alternator.png,https://raw.githubusercontent.com/wibawv/indahmachine/master/Doc/ucw_alternator.pdf,UCW alternator configured for the specified kVA and speed.,"{""Voltage"":""400 V"",""kVA"":""125"",""kW"":""100"",""RPM"":""1500"",""Efficiency (%)"":""91.6"",""Frame"":""250M"",""Weight (kg)"":""610""}","{""Frame"": ""250M"", ""Note"": ""Refer to UCW Table 2 for mounting dimensions"", ""A"": 406, ""AB"": 486, ""B"": 349, ""BB"": 476, ""C"": 224, ""C1"": 240, ""D"": 70, ""E"": 140, ""E1"": 39.7, ""F"": 20, ""G"": 62.5, ""HA"": 250, ""HD"": 28, ""N-φK"": ""4-φ24"", ""L"": 960, ""L1"": 910, ""P"": 511.8, ""Q"": 530.2, ""Q1"": 333.3, ""K"": 6, ""R"": 566, ""U"": 320, ""a1"": 520, ""b1"": 352.4}","[""Brushless design"",""High efficiency"",""Stable voltage and frequency performance""]","[""Prime and standby generator sets"",""Industrial backup power"",""OEM genset assemblies""]",ucw_UCW_125_1500,2025-08-12T03:34:24.898175,2025-08-12T03:34:24.898175,688c2a9073a7c76a0fa26e25,vincent.oei@gmail.com,
UCW-150-1500 Brushless Synchronous Alternator,alternators,UCW,UCW-150-1500,https://raw.githubusercontent.com/wibawv/indahmachine/master/images/base44_product_image/ucw_alternator.png,https://raw.githubusercontent.com/wibawv/indahmachine/master/Doc/ucw_alternator.pdf,UCW alternator configured for the specified kVA and speed.,"{""Voltage"":""400 V"",""kVA"":""150"",""kW"":""120"",""RPM"":""1500"",""Efficiency (%)"":""91.8"",""Frame"":""250L"",""Weight (kg)"":""710""}","{""Frame"": ""250L"", ""Note"": ""Refer to UCW Table 2 for mounting dimensions"", ""A"": 406, ""AB"": 486, ""B"": 406, ""BB"": 476, ""C"": 224, ""C1"": 240, ""D"": 70, ""E"": 140, ""E1"": 39.7, ""F"": 20, ""G"": 62.5, ""HA"": 250, ""HD"": 28, ""N-φK"": ""4-φ24"", ""L"": 960, ""L1"": 1010, ""P"": 511.8, ""Q"": 530.2, ""Q1"": 333.3, ""K"": 6, ""R"": 566, ""U"": 320, ""a1"": 520, ""b1"": 352.4}","[""Brushless design"",""High efficiency"",""Stable voltage and frequency performance""]","[""Prime and standby generator sets"",""Industrial backup power"",""OEM genset assemblies""]",ucw_UCW_150_1500,2025-08-12T03:34:24.898175,2025-08-12T03:34:24.898175,688c2a9073a7c76a0fa26e25,vincent.oei@gmail.com,
UCW-187_5-1500 Brushless Synchronous Alternator,alternators,UCW,UCW-187_5-1500,https://raw.githubusercontent.com/wibawv/indahmachine/master/images/base44_product_image/ucw_alternator.png,https://raw.githubusercontent.com/wibawv/indahmachine/master/Doc/ucw_alternator.pdf,UCW alternator configured for the specified kVA and speed.,"{""Voltage"":""400 V"",""kVA"":""187.5"",""kW"":""150"",""RPM"":""1500"",""Efficiency (%)"":""92.2"",""Frame"":""315M"",""Weight (kg)"":""760""}","{""Frame"": ""315M"", ""Note"": ""Refer to UCW Table 2 for mounting dimensions"", ""L"": 1265, ""a1"": 400, ""b1"": 250, ""e1"": 575}","[""Brushless design"",""High efficiency"",""Stable voltage and frequency performance""]","[""Prime and standby generator sets"",""Industrial backup power"",""OEM genset assemblies""]",ucw_UCW_187_5_1500,2025-08-12T03:34:24.898175,2025-08-12T03:34:24.898175,688c2a9073a7c76a0fa26e25,vincent.oei@gmail.com,
UCW-225-1500 Brushless Synchronous Alternator,alternators,UCW,UCW-225-1500,https://raw.githubusercontent.com/wibawv/indahmachine/master/images/base44_product_image/ucw_alternator.png,https://raw.githubusercontent.com/wibawv/indahmachine/master/Doc/ucw_alternator.pdf,UCW alternator configured for the specified kVA and speed.,"{""Voltage"":""400 V"",""kVA"":""225"",""kW"":""180"",""RPM"":""1500"",""Efficiency (%)"":""92.8"",""Frame"":""315M"",""Weight (kg)"":""840""}","{""Frame"": ""315M"", ""Note"": ""Refer to UCW Table 2 for mounting dimensions"", ""L"": 1265, ""a1"": 400, ""b1"": 250, ""e1"": 575}","[""Brushless design"",""High efficiency"",""Stable voltage and frequency performance""]","[""Prime and standby generator sets"",""Industrial backup power"",""OEM genset assemblies""]",ucw_UCW_225_1500,2025-08-12T03:34:24.898175,2025-08-12T03:34:24.898175,688c2a9073a7c76a0fa26e25,vincent.oei@gmail.com,
UCW-250-1500 Brushless Synchronous Alternator,alternators,UCW,UCW-250-1500,https://raw.githubusercontent.com/wibawv/indahmachine/master/images/base44_product_image/ucw_alternator.png,https://raw.githubusercontent.com/wibawv/indahmachine/master/Doc/ucw_alternator.pdf,UCW alternator configured for the specified kVA and speed.,"{""Voltage"":""400 V"",""kVA"":""250"",""kW"":""200"",""RPM"":""1500"",""Efficiency (%)"":""92.2"",""Frame"":""315M"",""Weight (kg)"":""900""}","{""Frame"": ""315M"", ""Note"": ""Refer to UCW Table 2 for mounting dimensions"", ""L"": 1265, ""a1"": 400, ""b1"": 250, ""e1"": 575}","[""Brushless design"",""High efficiency"",""Stable voltage and frequency performance""]","[""Prime and standby generator sets"",""Industrial backup power"",""OEM genset assemblies""]",ucw_UCW_250_1500,2025-08-12T03:34:24.898175,2025-08-12T03:34:24.898175,688c2a9073a7c76a0fa26e25,vincent.oei@gmail.com,
UCW-312_5-1500 Brushless Synchronous Alternator,alternators,UCW,UCW-312_5-1500,https://raw.githubusercontent.com/wibawv/indahmachine/master/images/base44_product_image/ucw_alternator.png,https://raw.githubusercontent.com/wibawv/indahmachine/master/Doc/ucw_alternator.pdf,UCW alternator configured for the specified kVA and speed.,"{""Voltage"":""400 V"",""kVA"":""312.5"",""kW"":""250"",""RPM"":""1500"",""Efficiency (%)"":""92.6"",""Frame"":""315L"",""Weight (kg)"":""980""}","{""Frame"": ""315L"", ""Note"": ""Refer to UCW Table 2 for mounting dimensions"", ""L"": 1365, ""a1"": 400, ""b1"": 250, ""e1"": 675}","[""Brushless design"",""High efficiency"",""Stable voltage and frequency performance""]","[""Prime and standby generator sets"",""Industrial backup power"",""OEM genset assemblies""]",ucw_UCW_312_5_1500,2025-08-12T03:34:24.898175,2025-08-12T03:34:24.898175,688c2a9073a7c76a0fa26e25,vincent.oei@gmail.com,
UCW-350-1500 Brushless Synchronous Alternator,alternators,UCW,UCW-350-1500,https://raw.githubusercontent.com/wibawv/indahmachine/master/images/base44_product_image/ucw_alternator.png,https://raw.githubusercontent.com/wibawv/indahmachine/master/Doc/ucw_alternator.pdf,UCW alternator configured for the specified kVA and speed.,"{""Voltage"":""400 V"",""kVA"":""350"",""kW"":""280"",""RPM"":""1500"",""Efficiency (%)"":""93.0"",""Frame"":""315L"",""Weight (kg)"":""1060""}","{""Frame"": ""315L"", ""Note"": ""Refer to UCW Table 2 for mounting dimensions"", ""L"": 1365, ""a1"": 400, ""b1"": 250, ""e1"": 675}","[""Brushless design"",""High efficiency"",""Stable voltage and frequency performance""]","[""Prime and standby generator sets"",""Industrial backup power"",""OEM genset assemblies""]",ucw_UCW_350_1500,2025-08-12T03:34:24.898175,2025-08-12T03:34:24.898175,688c2a9073a7c76a0fa26e25,vincent.oei@gmail.com,
UCW-375-1500 Brushless Synchronous Alternator,alternators,UCW,UCW-375-1500,https://raw.githubusercontent.com/wibawv/indahmachine/master/images/base44_product_image/ucw_alternator.png,https://raw.githubusercontent.com/wibawv/indahmachine/master/Doc/ucw_alternator.pdf,UCW alternator configured for the specified kVA and speed.,"{""Voltage"":""400 V"",""kVA"":""375"",""kW"":""300"",""RPM"":""1500"",""Efficiency (%)"":""93.3"",""Frame"":""315L"",""Weight (kg)"":""1180""}","{""Frame"": ""315L"", ""Note"": ""Refer to UCW Table 2 for mounting dimensions"", ""L"": 1365, ""a1"": 400, ""b1"": 250, ""e1"": 675}","[""Brushless design"",""High efficiency"",""Stable voltage and frequency performance""]","[""Prime and standby generator sets"",""Industrial backup power"",""OEM genset assemblies""]",ucw_UCW_375_1500,2025-08-12T03:34:24.898175,2025-08-12T03:34:24.898175,688c2a9073a7c76a0fa26e25,vincent.oei@gmail.com,
UCW-400-1500 Brushless Synchronous Alternator,alternators,UCW,UCW-400-1500,https://raw.githubusercontent.com/wibawv/indahmachine/master/images/base44_product_image/ucw_alternator.png,https://raw.githubusercontent.com/wibawv/indahmachine/master/Doc/ucw_alternator.pdf,UCW alternator configured for the specified kVA and speed.,"{""Voltage"":""400 V"",""kVA"":""400"",""kW"":""320"",""RPM"":""1500"",""Efficiency (%)"":""93.8"",""Frame"":""315L"",""Weight (kg)"":""1300""}","{""Frame"": ""315L"", ""Note"": ""Refer to UCW Table 2 for mounting dimensions"", ""L"": 1365, ""a1"": 400, ""b1"": 250, ""e1"": 675}","[""Brushless design"",""High efficiency"",""Stable voltage and frequency performance""]","[""Prime and standby generator sets"",""Industrial backup power"",""OEM genset assemblies""]",ucw_UCW_400_1500,2025-08-12T03:34:24.898175,2025-08-12T03:34:24.898175,688c2a9073a7c76a0fa26e25,vincent.oei@gmail.com,
UCW-437_5-1500 Brushless Synchronous Alternator,alternators,UCW,UCW-437_5-1500,https://raw.githubusercontent.com/wibawv/indahmachine/master/images/base44_product_image/ucw_alternator.png,https://raw.githubusercontent.com/wibawv/indahmachine/master/Doc/ucw_alternator.pdf,UCW alternator configured for the specified kVA and speed.,"{""Voltage"":""400 V"",""kVA"":""437.5"",""kW"":""350"",""RPM"":""1500"",""Efficiency (%)"":""93.1"",""Frame"":""355S"",""Weight (kg)"":""1410""}","{""Frame"": ""355S"", ""Note"": ""Refer to UCW Table 2 for mounting dimensions""}","[""Brushless design"",""High efficiency"",""Stable voltage and frequency performance""]","[""Prime and standby generator sets"",""Industrial backup power"",""OEM genset assemblies""]",ucw_UCW_437_5_1500,2025-08-12T03:34:24.898175,2025-08-12T03:34:24.898175,688c2a9073a7c76a0fa26e25,vincent.oei@gmail.com,
UCW-500-1500 Brushless Synchronous Alternator,alternators,UCW,UCW-500-1500,https://raw.githubusercontent.com/wibawv/indahmachine/master/images/base44_product_image/ucw_alternator.png,https://raw.githubusercontent.com/wibawv/indahmachine/master/Doc/ucw_alternator.pdf,UCW alternator configured for the specified kVA and speed.,"{""Voltage"":""400 V"",""kVA"":""500"",""kW"":""400"",""RPM"":""1500"",""Efficiency (%)"":""93.5"",""Frame"":""355M"",""Weight (kg)"":""1460""}","{""Frame"": ""355M"", ""Note"": ""Refer to UCW Table 2 for mounting dimensions"", ""L"": 1435, ""a1"": 470, ""b1"": 730}","[""Brushless design"",""High efficiency"",""Stable voltage and frequency performance""]","[""Prime and standby generator sets"",""Industrial backup power"",""OEM genset assemblies""]",ucw_UCW_500_1500,2025-08-12T03:34:24.898175,2025-08-12T03:34:24.898175,688c2a9073a7c76a0fa26e25,vincent.oei@gmail.com,
UCW-562_5-1500 Brushless Synchronous Alternator,alternators,UCW,UCW-562_5-1500,https://raw.githubusercontent.com/wibawv/indahmachine/master/images/base44_product_image/ucw_alternator.png,https://raw.githubusercontent.com/wibawv/indahmachine/master/Doc/ucw_alternator.pdf,UCW alternator configured for the specified kVA and speed.,"{""Voltage"":""400 V"",""kVA"":""562.5"",""kW"":""450"",""RPM"":""1500"",""Efficiency (%)"":""94.0"",""Frame"":""355M"",""Weight (kg)"":""1630""}","{""Frame"": ""355M"", ""Note"": ""Refer to UCW Table 2 for mounting dimensions"", ""L"": 1435, ""a1"": 470, ""b1"": 730}","[""Brushless design"",""High efficiency"",""Stable voltage and frequency performance""]","[""Prime and standby generator sets"",""Industrial backup power"",""OEM genset assemblies""]",ucw_UCW_562_5_1500,2025-08-12T03:34:24.898175,2025-08-12T03:34:24.898175,688c2a9073a7c76a0fa26e25,vincent.oei@gmail.com,
UCW-625-1500 Brushless Synchronous Alternator,alternators,UCW,UCW-625-1500,https://raw.githubusercontent.com/wibawv/indahmachine/master/images/base44_product_image/ucw_alternator.png,https://raw.githubusercontent.com/wibawv/indahmachine/master/Doc/ucw_alternator.pdf,UCW alternator configured for the specified kVA and speed.,"{""Voltage"":""400 V"",""kVA"":""625"",""kW"":""500"",""RPM"":""1500"",""Efficiency (%)"":""94.2"",""Frame"":""355L"",""Weight (kg)"":""1760""}","{""Frame"": ""355L"", ""Note"": ""Refer to UCW Table 2 for mounting dimensions"", ""L"": 1435, ""a1"": 470, ""b1"": 730}","[""Brushless design"",""High efficiency"",""Stable voltage and frequency performance""]","[""Prime and standby generator sets"",""Industrial backup power"",""OEM genset assemblies""]",ucw_UCW_625_1500,2025-08-12T03:34:24.898175,2025-08-12T03:34:24.898175,688c2a9073a7c76a0fa26e25,vincent.oei@gmail.com,
UCW-437_5-1500 Brushless Synchronous Alternator,alternators,UCW,UCW-437_5-1500,https://raw.githubusercontent.com/wibawv/indahmachine/master/images/base44_product_image/ucw_alternator.png,https://raw.githubusercontent.com/wibawv/indahmachine/master/Doc/ucw_alternator.pdf,UCW alternator configured for the specified kVA and speed.,"{""Voltage"":""400 V"",""kVA"":""437.5"",""kW"":""350"",""RPM"":""1500"",""Efficiency (%)"":""93.0"",""Frame"":""355L"",""Weight (kg)"":""1700""}","{""Frame"": ""355L"", ""Note"": ""Refer to UCW Table 2 for mounting dimensions"", ""L"": 1435, ""a1"": 470, ""b1"": 730}","[""Brushless design"",""High efficiency"",""Stable voltage and frequency performance""]","[""Prime and standby generator sets"",""Industrial backup power"",""OEM genset assemblies""]",ucw_UCW_437_5_1500,2025-08-12T03:34:24.898175,2025-08-12T03:34:24.898175,688c2a9073a7c76a0fa26e25,vincent.oei@gmail.com,
UCW-500-1500 Brushless Synchronous Alternator,alternators,UCW,UCW-500-1500,https://raw.githubusercontent.com/wibawv/indahmachine/master/images/base44_product_image/ucw_alternator.png,https://raw.githubusercontent.com/wibawv/indahmachine/master/Doc/ucw_alternator.pdf,UCW alternator configured for the specified kVA and speed.,"{""Voltage"":""400 V"",""kVA"":""500"",""kW"":""400"",""RPM"":""1500"",""Efficiency (%)"":""92.3"",""Frame"":""400M"",""Weight (kg)"":""2000""}","{""Frame"": ""400M"", ""Note"": ""Refer to UCW Table 2 for mounting dimensions"", ""L"": 1470, ""a1"": 470, ""b1"": 300, ""e1"": 712}","[""Brushless design"",""High efficiency"",""Stable voltage and frequency performance""]","[""Prime and standby generator sets"",""Industrial backup power"",""OEM genset assemblies""]",ucw_UCW_500_1500,2025-08-12T03:34:24.898175,2025-08-12T03:34:24.898175,688c2a9073a7c76a0fa26e25,vincent.oei@gmail.com,
UCW-700-1500 Brushless Synchronous Alternator,alternators,UCW,UCW-700-1500,https://raw.githubusercontent.com/wibawv/indahmachine/master/images/base44_product_image/ucw_alternator.png,https://raw.githubusercontent.com/wibawv/indahmachine/master/Doc/ucw_alternator.pdf,UCW alternator configured for the specified kVA and speed.,"{""Voltage"":""400 V"",""kVA"":""700"",""kW"":""560"",""RPM"":""1500"",""Efficiency (%)"":""93.4"",""Frame"":""400M"",""Weight (kg)"":""2000""}","{""Frame"": ""400M"", ""Note"": ""Refer to UCW Table 2 for mounting dimensions"", ""L"": 1470, ""a1"": 470, ""b1"": 300, ""e1"": 712}","[""Brushless design"",""High efficiency"",""Stable voltage and frequency performance""]","[""Prime and standby generator sets"",""Industrial backup power"",""OEM genset assemblies""]",ucw_UCW_700_1500,2025-08-12T03:34:24.898175,2025-08-12T03:34:24.898175,688c2a9073a7c76a0fa26e25,vincent.oei@gmail.com,
UCW-787_5-1500 Brushless Synchronous Alternator,alternators,UCW,UCW-787_5-1500,https://raw.githubusercontent.com/wibawv/indahmachine/master/images/base44_product_image/ucw_alternator.png,https://raw.githubusercontent.com/wibawv/indahmachine/master/Doc/ucw_alternator.pdf,UCW alternator configured for the specified kVA and speed.,"{""Voltage"":""400 V"",""kVA"":""787.5"",""kW"":""630"",""RPM"":""1500"",""Efficiency (%)"":""93.8"",""Frame"":""400M"",""Weight (kg)"":""2150""}","{""Frame"": ""400M"", ""Note"": ""Refer to UCW Table 2 for mounting dimensions"", ""L"": 1470, ""a1"": 470, ""b1"": 300, ""e1"": 712}","[""Brushless design"",""High efficiency"",""Stable voltage and frequency performance""]","[""Prime and standby generator sets"",""Industrial backup power"",""OEM genset assemblies""]",ucw_UCW_787_5_1500,2025-08-12T03:34:24.898175,2025-08-12T03:34:24.898175,688c2a9073a7c76a0fa26e25,vincent.oei@gmail.com,
UCW-875-1500 Brushless Synchronous Alternator,alternators,UCW,UCW-875-1500,https://raw.githubusercontent.com/wibawv/indahmachine/master/images/base44_product_image/ucw_alternator.png,https://raw.githubusercontent.com/wibawv/indahmachine/master/Doc/ucw_alternator.pdf,UCW alternator configured for the specified kVA and speed.,"{""Voltage"":""400 V"",""kVA"":""875"",""kW"":""700"",""RPM"":""1500"",""Efficiency (%)"":""94.0"",""Frame"":""400L"",""Weight (kg)"":""2230""}","{""Frame"": ""400L"", ""Note"": ""Refer to UCW Table 2 for mounting dimensions"", ""L"": 1762, ""e1"": 1050}","[""Brushless design"",""High efficiency"",""Stable voltage and frequency performance""]","[""Prime and standby generator sets"",""Industrial backup power"",""OEM genset assemblies""]",ucw_UCW_875_1500,2025-08-12T03:34:24.898175,2025-08-12T03:34:24.898175,688c2a9073a7c76a0fa26e25,vincent.oei@gmail.com,
UCW-937_5-1500 Brushless Synchronous Alternator,alternators,UCW,UCW-937_5-1500,https://raw.githubusercontent.com/wibawv/indahmachine/master/images/base44_product_image/ucw_alternator.png,https://raw.githubusercontent.com/wibawv/indahmachine/master/Doc/ucw_alternator.pdf,UCW alternator configured for the specified kVA and speed.,"{""Voltage"":""400 V"",""kVA"":""937.5"",""kW"":""750"",""RPM"":""1500"",""Efficiency (%)"":""94.2"",""Frame"":""400L"",""Weight (kg)"":""2420""}","{""Frame"": ""400L"", ""Note"": ""Refer to UCW Table 2 for mounting dimensions"", ""L"": 1762, ""e1"": 1050}","[""Brushless design"",""High efficiency"",""Stable voltage and frequency performance""]","[""Prime and standby generator sets"",""Industrial backup power"",""OEM genset assemblies""]",ucw_UCW_937_5_1500,2025-08-12T03:34:24.898175,2025-08-12T03:34:24.898175,688c2a9073a7c76a0fa26e25,vincent.oei@gmail.com,
UCW-1000-1500 Brushless Synchronous Alternator,alternators,UCW,UCW-1000-1500,https://raw.githubusercontent.com/wibawv/indahmachine/master/images/base44_product_image/ucw_alternator.png,https://raw.githubusercontent.com/wibawv/indahmachine/master/Doc/ucw_alternator.pdf,UCW alternator configured for the specified kVA and speed.,"{""Voltage"":""400 V"",""kVA"":""1000"",""kW"":""800"",""RPM"":""1500"",""Efficiency (%)"":""94.5"",""Frame"":""400L"",""Weight (kg)"":""2600""}","{""Frame"": ""400L"", ""Note"": ""Refer to UCW Table 2 for mounting dimensions"", ""L"": 1762, ""e1"": 1050}","[""Brushless design"",""High efficiency"",""Stable voltage and frequency performance""]","[""Prime and standby generator sets"",""Industrial backup power"",""OEM genset assemblies""]",ucw_UCW_1000_1500,2025-08-12T03:34:24.898175,2025-08-12T03:34:24.898175,688c2a9073a7c76a0fa26e25,vincent.oei@gmail.com,
UCW-1125-1500 Brushless Synchronous Alternator,alternators,UCW,UCW-1125-1500,https://raw.githubusercontent.com/wibawv/indahmachine/master/images/base44_product_image/ucw_alternator.png,https://raw.githubusercontent.com/wibawv/indahmachine/master/Doc/ucw_alternator.pdf,UCW alternator configured for the specified kVA and speed.,"{""Voltage"":""400 V"",""kVA"":""1125"",""kW"":""900"",""RPM"":""1500"",""Efficiency (%)"":""94.8"",""Frame"":""400L"",""Weight (kg)"":""2780""}","{""Frame"": ""400L"", ""Note"": ""Refer to UCW Table 2 for mounting dimensions"", ""L"": 1762, ""e1"": 1050}","[""Brushless design"",""High efficiency"",""Stable voltage and frequency performance""]","[""Prime and standby generator sets"",""Industrial backup power"",""OEM genset assemblies""]",ucw_UCW_1125_1500,2025-08-12T03:34:24.898175,2025-08-12T03:34:24.898175,688c2a9073a7c76a0fa26e25,vincent.oei@gmail.com,
UCW-1250-1500 Brushless Synchronous Alternator,alternators,UCW,UCW-1250-1500,https://raw.githubusercontent.com/wibawv/indahmachine/master/images/base44_product_image/ucw_alternator.png,https://raw.githubusercontent.com/wibawv/indahmachine/master/Doc/ucw_alternator.pdf,UCW alternator configured for the specified kVA and speed.,"{""Voltage"":""400 V"",""kVA"":""1250"",""kW"":""1000"",""RPM"":""1500"",""Efficiency (%)"":""95.0"",""Frame"":""400L"",""Weight (kg)"":""2940""}","{""Frame"": ""400L"", ""Note"": ""Refer to UCW Table 2 for mounting dimensions"", ""L"": 1762, ""e1"": 1050}","[""Brushless design"",""High efficiency"",""Stable voltage and frequency performance""]","[""Prime and standby generator sets"",""Industrial backup power"",""OEM genset assemblies""]",ucw_UCW_1250_1500,2025-08-12T03:34:24.898175,2025-08-12T03:34:24.898175,688c2a9073a7c76a0fa26e25,vincent.oei@gmail.com,
UCW-200-1000 Brushless Synchronous Alternator,alternators,UCW,UCW-200-1000,https://raw.githubusercontent.com/wibawv/indahmachine/master/images/base44_product_image/ucw_alternator.png,https://raw.githubusercontent.com/wibawv/indahmachine/master/Doc/ucw_alternator.pdf,UCW alternator configured for the specified kVA and speed.,"{""Voltage"":""400 V"",""kVA"":""200"",""kW"":""160"",""RPM"":""1000"",""Efficiency (%)"":""91.8"",""Frame"":""315M"",""Weight (kg)"":""1000""}","{""Frame"": ""315M"", ""Note"": ""Refer to UCW Table 2 for mounting dimensions"", ""L"": 1265, ""a1"": 400, ""b1"": 250, ""e1"": 575}","[""Brushless design"",""High efficiency"",""Stable voltage and frequency performance""]","[""Prime and standby generator sets"",""Industrial backup power"",""OEM genset assemblies""]",ucw_UCW_200_1000,2025-08-12T03:34:24.898175,2025-08-12T03:34:24.898175,688c2a9073a7c76a0fa26e25,vincent.oei@gmail.com,
UCW-225-1000 Brushless Synchronous Alternator,alternators,UCW,UCW-225-1000,https://raw.githubusercontent.com/wibawv/indahmachine/master/images/base44_product_image/ucw_alternator.png,https://raw.githubusercontent.com/wibawv/indahmachine/master/Doc/ucw_alternator.pdf,UCW alternator configured for the specified kVA and speed.,"{""Voltage"":""400 V"",""kVA"":""225"",""kW"":""180"",""RPM"":""1000"",""Efficiency (%)"":""92.2"",""Frame"":""315L"",""Weight (kg)"":""1100""}","{""Frame"": ""315L"", ""Note"": ""Refer to UCW Table 2 for mounting dimensions"", ""L"": 1365, ""a1"": 400, ""b1"": 250, ""e1"": 675}","[""Brushless design"",""High efficiency"",""Stable voltage and frequency performance""]","[""Prime and standby generator sets"",""Industrial backup power"",""OEM genset assemblies""]",ucw_UCW_225_1000,2025-08-12T03:34:24.898175,2025-08-12T03:34:24.898175,688c2a9073a7c76a0fa26e25,vincent.oei@gmail.com,
UCW-250-1000 Brushless Synchronous Alternator,alternators,UCW,UCW-250-1000,https://raw.githubusercontent.com/wibawv/indahmachine/master/images/base44_product_image/ucw_alternator.png,https://raw.githubusercontent.com/wibawv/indahmachine/master/Doc/ucw_alternator.pdf,UCW alternator configured for the specified kVA and speed.,"{""Voltage"":""400 V"",""kVA"":""250"",""kW"":""200"",""RPM"":""1000"",""Efficiency (%)"":""92.5"",""Frame"":""355S"",""Weight (kg)"":""1180""}","{""Frame"": ""355S"", ""Note"": ""Refer to UCW Table 2 for mounting dimensions""}","[""Brushless design"",""High efficiency"",""Stable voltage and frequency performance""]","[""Prime and standby generator sets"",""Industrial backup power"",""OEM genset assemblies""]",ucw_UCW_250_1000,2025-08-12T03:34:24.898175,2025-08-12T03:34:24.898175,688c2a9073a7c76a0fa26e25,vincent.oei@gmail.com,
UCW-312_5-1000 Brushless Synchronous Alternator,alternators,UCW,UCW-312_5-1000,https://raw.githubusercontent.com/wibawv/indahmachine/master/images/base44_product_image/ucw_alternator.png,https://raw.githubusercontent.com/wibawv/indahmachine/master/Doc/ucw_alternator.pdf,UCW alternator configured for the specified kVA and speed.,"{""Voltage"":""400 V"",""kVA"":""312.5"",""kW"":""250"",""RPM"":""1000"",""Efficiency (%)"":""92.2"",""Frame"":""355S"",""Weight (kg)"":""1300""}","{""Frame"": ""355S"", ""Note"": ""Refer to UCW Table 2 for mounting dimensions""}","[""Brushless design"",""High efficiency"",""Stable voltage and frequency performance""]","[""Prime and standby generator sets"",""Industrial backup power"",""OEM genset assemblies""]",ucw_UCW_312_5_1000,2025-08-12T03:34:24.898175,2025-08-12T03:34:24.898175,688c2a9073a7c76a0fa26e25,vincent.oei@gmail.com,
UCW-350-1000 Brushless Synchronous Alternator,alternators,UCW,UCW-350-1000,https://raw.githubusercontent.com/wibawv/indahmachine/master/images/base44_product_image/ucw_alternator.png,https://raw.githubusercontent.com/wibawv/indahmachine/master/Doc/ucw_alternator.pdf,UCW alternator configured for the specified kVA and speed.,"{""Voltage"":""400 V"",""kVA"":""350"",""kW"":""280"",""RPM"":""1000"",""Efficiency (%)"":""92.4"",""Frame"":""355M"",""Weight (kg)"":""1400""}","{""Frame"": ""355M"", ""Note"": ""Refer to UCW Table 2 for mounting dimensions"", ""L"": 1435, ""a1"": 470, ""b1"": 730}","[""Brushless design"",""High efficiency"",""Stable voltage and frequency performance""]","[""Prime and standby generator sets"",""Industrial backup power"",""OEM genset assemblies""]",ucw_UCW_350_1000,2025-08-12T03:34:24.898175,2025-08-12T03:34:24.898175,688c2a9073a7c76a0fa26e25,vincent.oei@gmail.com,
UCW-375-1000 Brushless Synchronous Alternator,alternators,UCW,UCW-375-1000,https://raw.githubusercontent.com/wibawv/indahmachine/master/images/base44_product_image/ucw_alternator.png,https://raw.githubusercontent.com/wibawv/indahmachine/master/Doc/ucw_alternator.pdf,UCW alternator configured for the specified kVA and speed.,"{""Voltage"":""400 V"",""kVA"":""375"",""kW"":""300"",""RPM"":""1000"",""Efficiency (%)"":""92.6"",""Frame"":""355M"",""Weight (kg)"":""1500""}","{""Frame"": ""355M"", ""Note"": ""Refer to UCW Table 2 for mounting dimensions"", ""L"": 1435, ""a1"": 470, ""b1"": 730}","[""Brushless design"",""High efficiency"",""Stable voltage and frequency performance""]","[""Prime and standby generator sets"",""Industrial backup power"",""OEM genset assemblies""]",ucw_UCW_375_1000,2025-08-12T03:34:24.898175,2025-08-12T03:34:24.898175,688c2a9073a7c76a0fa26e25,vincent.oei@gmail.com,
UCW-400-1000 Brushless Synchronous Alternator,alternators,UCW,UCW-400-1000,https://raw.githubusercontent.com/wibawv/indahmachine/master/images/base44_product_image/ucw_alternator.png,https://raw.githubusercontent.com/wibawv/indahmachine/master/Doc/ucw_alternator.pdf,UCW alternator configured for the specified kVA and speed.,"{""Voltage"":""400 V"",""kVA"":""400"",""kW"":""320"",""RPM"":""1000"",""Efficiency (%)"":""92.8"",""Frame"":""355L"",""Weight (kg)"":""1600""}","{""Frame"": ""355L"", ""Note"": ""Refer to UCW Table 2 for mounting dimensions"", ""L"": 1435, ""a1"": 470, ""b1"": 730}","[""Brushless design"",""High efficiency"",""Stable voltage and frequency performance""]","[""Prime and standby generator sets"",""Industrial backup power"",""OEM genset assemblies""]",ucw_UCW_400_1000,2025-08-12T03:34:24.898175,2025-08-12T03:34:24.898175,688c2a9073a7c76a0fa26e25,vincent.oei@gmail.com,
UCW-562_5-1000 Brushless Synchronous Alternator,alternators,UCW,UCW-562_5-1000,https://raw.githubusercontent.com/wibawv/indahmachine/master/images/base44_product_image/ucw_alternator.png,https://raw.githubusercontent.com/wibawv/indahmachine/master/Doc/ucw_alternator.pdf,UCW alternator configured for the specified kVA and speed.,"{""Voltage"":""400 V"",""kVA"":""562.5"",""kW"":""450"",""RPM"":""1000"",""Efficiency (%)"":""92.6"",""Frame"":""400M"",""Weight (kg)"":""2100""}","{""Frame"": ""400M"", ""Note"": ""Refer to UCW Table 2 for mounting dimensions"", ""L"": 1470, ""a1"": 470, ""b1"": 300, ""e1"": 712}","[""Brushless design"",""High efficiency"",""Stable voltage and frequency performance""]","[""Prime and standby generator sets"",""Industrial backup power"",""OEM genset assemblies""]",ucw_UCW_562_5_1000,2025-08-12T03:34:24.898175,2025-08-12T03:34:24.898175,688c2a9073a7c76a0fa26e25,vincent.oei@gmail.com,
UCW-625-1000 Brushless Synchronous Alternator,alternators,UCW,UCW-625-1000,https://raw.githubusercontent.com/wibawv/indahmachine/master/images/base44_product_image/ucw_alternator.png,https://raw.githubusercontent.com/wibawv/indahmachine/master/Doc/ucw_alternator.pdf,UCW alternator configured for the specified kVA and speed.,"{""Voltage"":""400 V"",""kVA"":""625"",""kW"":""500"",""RPM"":""1000"",""Efficiency (%)"":""92.9"",""Frame"":""400M"",""Weight (kg)"":""2200""}","{""Frame"": ""400M"", ""Note"": ""Refer to UCW Table 2 for mounting dimensions"", ""L"": 1470, ""a1"": 470, ""b1"": 300, ""e1"": 712}","[""Brushless design"",""High efficiency"",""Stable voltage and frequency performance""]","[""Prime and standby generator sets"",""Industrial backup power"",""OEM genset assemblies""]",ucw_UCW_625_1000,2025-08-12T03:34:24.898175,2025-08-12T03:34:24.898175,688c2a9073a7c76a0fa26e25,vincent.oei@gmail.com,
UCW-700-1000 Brushless Synchronous Alternator,alternators,UCW,UCW-700-1000,https://raw.githubusercontent.com/wibawv/indahmachine/master/images/base44_product_image/ucw_alternator.png,https://raw.githubusercontent.com/wibawv/indahmachine/master/Doc/ucw_alternator.pdf,UCW alternator configured for the specified kVA and speed.,"{""Voltage"":""400 V"",""kVA"":""700"",""kW"":""560"",""RPM"":""1000"",""Efficiency (%)"":""93.2"",""Frame"":""400L"",""Weight (kg)"":""2500""}","{""Frame"": ""400L"", ""Note"": ""Refer to UCW Table 2 for mounting dimensions"", ""L"": 1762, ""e1"": 1050}","[""Brushless design"",""High efficiency"",""Stable voltage and frequency performance""]","[""Prime and standby generator sets"",""Industrial backup power"",""OEM genset assemblies""]",ucw_UCW_700_1000,2025-08-12T03:34:24.898175,2025-08-12T03:34:24.898175,688c2a9073a7c76a0fa26e25,vincent.oei@gmail.com,
UCW-787_5-1000 Brushless Synchronous Alternator,alternators,UCW,UCW-787_5-1000,https://raw.githubusercontent.com/wibawv/indahmachine/master/images/base44_product_image/ucw_alternator.png,https://raw.githubusercontent.com/wibawv/indahmachine/master/Doc/ucw_alternator.pdf,UCW alternator configured for the specified kVA and speed.,"{""Voltage"":""400 V"",""kVA"":""787.5"",""kW"":""630"",""RPM"":""1000"",""Efficiency (%)"":""93.6"",""Frame"":""400L"",""Weight (kg)"":""2700""}","{""Frame"": ""400L"", ""Note"": ""Refer to UCW Table 2 for mounting dimensions"", ""L"": 1762, ""e1"": 1050}","[""Brushless design"",""High efficiency"",""Stable voltage and frequency performance""]","[""Prime and standby generator sets"",""Industrial backup power"",""OEM genset assemblies""]",ucw_UCW_787_5_1000,2025-08-12T03:34:24.898175,2025-08-12T03:34:24.898175,688c2a9073a7c76a0fa26e25,vincent.oei@gmail.com,
UCW-875-1000 Brushless Synchronous Alternator,alternators,UCW,UCW-875-1000,https://raw.githubusercontent.com/wibawv/indahmachine/master/images/base44_product_image/ucw_alternator.png,https://raw.githubusercontent.com/wibawv/indahmachine/master/Doc/ucw_alternator.pdf,UCW alternator configured for the specified kVA and speed.,"{""Voltage"":""400 V"",""kVA"":""875"",""kW"":""700"",""RPM"":""1000"",""Efficiency (%)"":""94.0"",""Frame"":""400L"",""Weight (kg)"":""2900""}","{""Frame"": ""400L"", ""Note"": ""Refer to UCW Table 2 for mounting dimensions"", ""L"": 1762, ""e1"": 1050}","[""Brushless design"",""High efficiency"",""Stable voltage and frequency performance""]","[""Prime and standby generator sets"",""Industrial backup power"",""OEM genset assemblies""]",ucw_UCW_875_1000,2025-08-12T03:34:24.898175,2025-08-12T03:34:24.898175,688c2a9073a7c76a0fa26e25,vincent.oei@gmail.com,
